articleUrl,sourceUrls,checksPassed,matched_model,matched_terms,page_number,evidence_snippet,noSourceReason
"https://libertyprinterfix.com/bixolon/connectivity-issues/bixolon-printer-static-ip-not-connecting-fix","","false","","","","","single_model_manual_rejected_for_generic_article"
"https://libertyprinterfix.com/bixolon/printing-problems/bixolon-wristband-printer-not-printing-fix","","false","","","","","single_model_manual_rejected_for_generic_article"
"https://libertyprinterfix.com/bixolon/connectivity-issues/bixolon-printer-chrome-os-not-detecting-fix","","false","","","","","single_model_manual_rejected_for_generic_article"
"https://libertyprinterfix.com/bixolon/drivers-software-firmware/bixolon-printer-utility-not-detecting-printer-fix","","false","","","","","single_model_manual_rejected_for_generic_article"
"https://libertyprinterfix.com/bixolon/hardware-maintenance/bixolon-printer-cutting-receipt-wrong-fix","","false","","","","","single_model_manual_rejected_for_generic_article"
"https://libertyprinterfix.com/bixolon/print-quality-issues/bixolon-dot-matrix-printer-faded-print-fix","","false","","","","","single_model_manual_rejected_for_generic_article"
"https://libertyprinterfix.com/hp/error-codes-alerts/hp-officejet-pro-x-series-printhead-error-fix","https://h10032.www1.hp.com/ctg/Manual/c03640400.pdf#page=225","true","X476","printhead, clean","225","Clean the printhead During the printing process, paper, ink, and dust particles can accumulate inside the product. Over time, this buildup can cause print-quality problems such as ink specks or smeari",""
"https://libertyprinterfix.com/hp/error-codes-alerts/hp-printer-error-messages","","false","","","","","single_model_manual_rejected_for_generic_article"
"https://libertyprinterfix.com/hp/error-codes-alerts/hp-officejet-pro-9015e-printhead-missing-failed","","false","","","","","model_not_found"
"https://libertyprinterfix.com/hp/error-codes-alerts/hp-printer-error-codes","","false","","","","","single_model_manual_rejected_for_generic_article"
"https://libertyprinterfix.com/hp/error-codes-alerts/hp-deskjet-3755-flashing-lights-meaning","","false","","","","","model_not_found"
"https://libertyprinterfix.com/hp/error-codes-alerts/hp-laserjet-pro-m404dn-fuser-error","","false","","","","","topic_terms_missing"
"https://libertyprinterfix.com/hp/error-codes-alerts/hp-smart-tank-5101-printhead-error","","false","","","","","model_not_found"
"https://libertyprinterfix.com/epson/error-codes-alerts/epson-labelworks-check-tape-error-fix","https://files.support.epson.com/pdf/lw400_/lw400_ug.pdf#page=3","true","LabelWorks","tape, cartridge","3","Problems and solutions Check the solutions below if you are having trouble using your product. The product does not function normally The product may stop functioning due to static electricity or othe",""
"https://libertyprinterfix.com/epson/error-codes-alerts/epson-l4260-error-code-fix","https://files.support.epson.com/docid/cpd5/cpd59900/source/troubleshooting/reference/et2850_et2850u_l4260/problem_message_status_et2850.html","true","L4260","error, messages","","Product Status Messages chmtop.c2wtopf.pageid = ""troubleshooting/reference/et2850_et2850u_l4260/problem_message_status_et2850.html""; Product Status Messages You can often diagnose problems with your p",""
"https://libertyprinterfix.com/epson/error-codes-alerts/epson-l3250-red-light-blinking-fix","https://files.support.epson.com/docid/cpd6/cpd60185.pdf#page=158","true","L3250","light, ink","158","Light status Condition/solution The paper light is on No paper is loaded or multiple sheets fed at one time. Load paper in the product, and press the B&W copy button or the color copy button to clear",""
"https://libertyprinterfix.com/epson/error-codes-alerts/epson-et-8550-foreign-material-error","https://files.support.epson.com/docid/cpd5/cpd59879/source/printers/source/troubleshooting/reference/problem_paper_feeding_cassette_rear_slot.html","true","ET-8550","rear, feed","","Paper Feeding Problems chmtop.c2wtopf.pageid = ""printers/source/troubleshooting/reference/problem_paper_feeding_cassette_rear_slot.html""; Paper Feeding Problems If you have problems feeding paper, try",""
"https://libertyprinterfix.com/epson/error-codes-alerts/epson-et-4760-error-code-guide","https://files.support.epson.com/docid/cpd5/cpd57090/source/troubleshooting/reference/et4750/problem_message_status_et4750.html","true","ET-4760","guide, screen","","Product Status Messages chmtop.c2wtopf.pageid = ""troubleshooting/reference/et4750/problem_message_status_et4750.html""; Product Status Messages You can often diagnose problems with your product by chec",""
"https://libertyprinterfix.com/epson/error-codes-alerts/epson-printer-error-light-stays-on-solid","","false","","","","","single_model_manual_rejected_for_generic_article"
"https://libertyprinterfix.com/epson/error-codes-alerts/epson-printer-power-light-blinking-wont-print","","false","","","","","single_model_manual_rejected_for_generic_article"